timestamp,task_id,subtask_id,user_id,action,outcome,detail,command,version,input
2026-09-18T12:57:59.422Z,P0001,,297915765,claim_encoding,accepted,,campaign.claimTask,1,"{""task_id"":""P0001""}"
2026-09-18T12:59:03.813Z,P0001,,297915765,submit_encoding,accepted,,campaign.submitOmrLayout,1,"{""task_id"":""P0001"",""staves"":22,""measures"":31,""systems"":5,""movements"":1}"
2026-09-18T13:00:08.565Z,P0001,S0001,38179254,claim_validation,accepted,,campaign.claimValidation,1,"{""task_id"":""P0001"",""subtask_id"":""S0001""}"
2026-09-18T13:00:35.573Z,P0001,S0001,38179254,submit_validation,accepted,pass,campaign.submitValidation,2,"{""task_id"":""P0001"",""subtask_id"":""S0001"",""verdict"":""pass""}"
2026-09-18T13:01:02.617Z,P0002,,38179254,claim_encoding,accepted,,campaign.claimTask,1,"{""task_id"":""P0002""}"
2026-09-18T13:01:58.819Z,P0002,,38179254,submit_encoding,accepted,,campaign.submitScoreSetup,1,"{""task_id"":""P0002"",""staves"":3,""groups"":1,""keysig"":""0"",""meter"":""4/4""}"
2026-09-18T13:03:07.793Z,P0002,S0001,297915765,claim_validation,accepted,,campaign.claimValidation,1,"{""task_id"":""P0002"",""subtask_id"":""S0001""}"
2026-09-18T13:03:38.443Z,P0002,S0001,297915765,submit_validation,accepted,pass,campaign.submitValidation,2,"{""task_id"":""P0002"",""subtask_id"":""S0001"",""verdict"":""pass""}"
2026-09-18T13:04:13.986Z,T0001,,38179254,claim_encoding,accepted,,campaign.openEditor,1,"{""task_id"":""T0001""}"
